zero_balance_count,avg_balance_duration_hours,max_balance,balance_volatility,uturn_ratio,pulse_count,user_id,label
0,0.0,40000.0,14142.13562373095,0.0,0,3,0
2,0.0,785.0,21234.41663903202,0.0,0,4,0
2,0.5186111111111111,1757.5080000000016,61548.62139513367,0.0,0,10,0
11,198.14083333333335,1575.65,45400.00041140708,0.08333333333333333,0,786452,0
2,42.465,20000.0,10400.582907336704,0.3333333333333333,0,524310,0
2,129.40375,3000.0,1564.246810154833,0.0,0,786458,0
1,0.0,-40060.0,0.0,0.0,0,26,0
0,0.0,50000.0,0.0,0.0,0,786460,0
3,43.58694444444444,30000.0,12342.582324337087,0.4444444444444444,0,524319,0
0,0.0,63657.18533019999,18504.37995973216,0.0,0,37,0
1,0.03361111111111111,5985.0,2522.137649179151,0.0,0,786472,0
4,69.52763888888889,14847.086383050002,5632.955169568019,0.0,0,41,0
3,168.89277777777775,10000.0,4667.75856323349,0.0,0,524336,0
9,73.4242901234568,12000.0,3366.2557479754446,0.037037037037037035,0,786481,0
5,113.47366666666667,5879.1728834840005,2087.7715418185453,0.0,0,524344,0
1,0.0,-10030.0,0.0,0.0,0,56,0
0,0.0,10000.0,0.0,0.0,0,524357,0
1,0.011944444444444445,5000.0,2919.1430423873526,0.0,0,786509,0
2,0.0,116.20263480000085,4970.960671741429,0.0,0,262227,0
1,0.0,-652.394843082,0.0,0.0,0,87,0
2,0.0,1000.0,581.7811444945042,0.0,0,786525,0
4,0.0,4649.599757699994,63441.4879594269,0.2,0,786527,0
0,0.0,35000.0,10606.601717798212,0.0,0,524384,0
1,0.0,-300000.0,0.0,0.0,0,98,0
1,0.020833333333333332,100000.0,58539.73255838602,0.3333333333333333,0,262242,0
0,0.0,35011.633168,16875.125668139404,0.0,0,112,0
0,0.0,14061.545094300001,43.51895352829655,0.0,0,786545,0
27,17.755277777777778,3012.5496624899997,22741.639868875962,0.0967741935483871,0,524409,0
1,0.0,10000.0,7041.266482124811,0.0,0,786554,0
2,6.760972222222222,100000.0,42217.05315902046,0.3,0,262273,0
24,51.876666666666665,9383.628912154847,60239.7475045575,0.06666666666666667,0,131,0
5,88.21033333333335,5000.0,2487.2894500518805,0.0,0,524420,0
1,0.17972222222222223,50000.0,29069.507674312314,0.3333333333333333,0,134,0
11,86.21520833333334,23995.347176300274,6461.685857779929,0.07407407407407407,0,139,0
2,0.0,-39150.0,17754.74416881302,0.0,0,140,0
116,1.993454861111111,9264.99053000001,31263.335161387527,0.007518796992481203,0,786574,0
1,0.0,-2060.3446174299997,0.0,0.0,0,786577,0
0,0.0,134424.22893490002,37876.968594493024,0.0,0,786578,0
12,0.0,1137.8861999999936,34398.42222377939,0.23076923076923078,0,146,0
3,22.562592592592594,97835.69109625899,39577.21432356181,0.4166666666666667,0,524440,0
5,100.27673611111112,43000.0,16329.192172670146,0.3076923076923077,0,786585,0
4,28.83763888888889,49927.084599208,33196.10718998765,0.2,0,158,0
3,0.0,3715.5804725999915,45627.782939446006,0.0,0,159,0
0,0.0,8000.0,51.30224166642231,0.0,0,786592,0
2,0.0,160.7531024,4693.067706735116,0.0,0,786594,0
4,84.57416666666667,79580.7196432,25446.024070775125,0.05555555555555555,0,167,0
1,0.0,-2875.314555247,0.0,0.0,0,262321,0
0,0.0,50000.0,0.0,0.0,0,524466,0
10,0.0,12.810487999999964,679.2934050496141,0.0,0,185,0
0,0.0,1400.0,25.183342988337365,0.0,0,189,0
0,0.0,6000.0,0.0,0.0,0,786629,0
0,0.0,20004.8038665,3.3968465780638595,0.0,0,197,0
1,0.03972222222222222,8000.0,4673.129039715119,0.0,0,786634,0
1,0.021111111111111112,100000.0,48734.1303195569,0.5,0,210,0
1,0.0,24000.0,18772.97793372165,0.0,0,212,0
0,0.0,25000.0,0.0,0.0,0,213,0
8,167.72736111111112,44011.933620143995,68678.8527145374,0.06666666666666667,0,524503,0
2,287.5783333333333,1004.690483598,574.7943796486322,0.0,0,216,0
4,15.140694444444446,7022.107897975,5619.569462745051,0.0,0,786649,0
1,0.0,-2402.0,0.0,0.0,0,218,0
1,0.0,-45030.0,0.0,0.0,0,228,0
0,0.0,1000.0,0.0,0.0,0,524516,0
1,0.0,-53616.0,0.0,0.0,0,234,0
2,0.0,10000.0,5824.06933271153,0.3333333333333333,0,235,0
1,3.160277777777778,30000.0,17496.608830998368,0.3333333333333333,0,241,0
2,28.45513888888889,100418.322686828,44538.71303143923,0.6666666666666666,0,786685,0
1,0.0,7115.4236298,3360.890917305619,0.0,0,254,0
0,0.0,0.0,0.0,0.0,0,524555,0
1,0.0,-989.0,0.0,0.0,0,786704,1
3,0.02277777777777778,30000.0,20879.60431299222,0.16666666666666666,0,273,0
23,109.27027777777778,2286.00702751,613.8134673423946,0.0,0,786706,0
1,0.0,1466.0,43472.92490734894,0.0,0,276,0
2,85.53027777777777,50000.0,24177.33546309564,0.2857142857142857,0,524570,0
4,0.0,-31075.810619999997,7458.015106567434,0.0,0,524572,1
2,0.13277777777777777,100000.0,53368.4441690493,0.5,0,524584,0
3,0.0,570.0,278.6459632332003,0.0,0,786730,0
1,0.0,1770.6957441999984,26536.303284368754,0.0,0,262442,0
1,495.1363888888889,50000.0,27810.98299233596,0.0,0,308,0
2,0.0,-63326.943,347528.3353776372,0.0,0,262456,0
0,0.0,3810.0,1414.213562373095,0.0,0,786751,0
1,48.159166666666664,15500.0,9225.74805006799,0.0,0,319,0
3,0.0125,6000.0,3029.0453600832834,0.0,0,322,0
6,0.0,496.01385900000605,21129.032627482313,0.0,0,323,0
2,0.0,-75498.13149999999,56589.7556983594,0.0,0,327,0
2,0.0038888888888888888,3455.7522442000045,75644.27673073251,0.0,0,334,0
30,0.022222222222222223,5300.0,8715.486682254203,0.0,0,786768,0
13,59.676064814814815,23938.4045854,10089.495202289732,0.09090909090909091,1,262492,0
3,72.96407407407408,49606.71658759085,18802.25186067918,0.1,0,524639,0
0,0.0,50000.0,15811.388300841896,0.0,0,354,0
3,80.4699074074074,29771.043315143997,11974.277812173628,0.1111111111111111,0,361,0
5,0.0,-6339.8363700000045,15077.413818325133,0.2,0,786793,0
0,0.0,0.0,0.0,0.0,0,786794,0
1,0.0,-418.0,0.0,0.0,0,524653,0
19,50.08064814814815,20000.0,27305.7780387936,0.2,0,373,0
1,0.0,83643.0,58880.076502223594,0.5,0,374,0
162,26.615972222222222,40951.4079611816,467895.4626029518,0.12871287128712872,0,381,0
1,0.006111111111111111,14000.0,7905.065119310164,0.3333333333333333,0,786820,0
13,0.0,-29482.658500000005,102715.13260763715,0.15384615384615385,0,391,0
0,0.0,100000.0,35355.33905932738,0.0,0,262536,0
5,31.210277777777776,257628.68099999998,148613.2824658661,0.45454545454545453,0,397,0
1,0.01638888888888889,20000.0,11695.633299557036,0.3333333333333333,0,403,0
0,0.0,80000.0,28284.2712474619,0.0,0,524692,0
4,20.222708333333333,49890.83388819072,21865.681040188414,0.4166666666666667,0,405,0
104,35.366388888888885,29950.0,18120.074207078113,0.2545454545454545,0,413,0
1,0.0,-1702967.0,0.0,0.0,0,262562,0
0,0.0,20000.0,8667.714923784699,0.0,0,524713,0
6,0.0,1875.199999999997,160515.5499088374,0.0,0,433,0
1,0.0,-1529.0,0.0,0.0,0,524727,0
1,2.226111111111111,25000.0,12911.514559299241,0.3333333333333333,0,524729,0
1,0.03638888888888889,100000.0,58204.70501035778,0.0,0,442,0
2,42.02166666666667,4000.0,1813.267993781009,0.0,0,524731,0
2,0.0,324.69857200000115,9437.047101715663,0.0,0,786879,0
12,27.949074074074073,74078.38110104958,26174.408947701973,0.36666666666666664,0,460,0
0,0.0,0.0,0.0,0.0,0,524748,0
2,0.0,57.201492600000165,1786.8588360584056,0.0,0,262609,0
1,0.01861111111111111,50000.0,29309.599613664202,0.3333333333333333,0,524757,0
0,0.0,1000.0,0.0,0.0,0,477,0
0,0.0,300000.0,93541.43466934853,0.0,0,481,0
1,0.0811111111111111,35000.0,20433.510978877912,0.0,0,489,0
1,0.0,2269.525140400001,28353.567712018183,0.0,0,491,0
2,0.0,-69381.0,39266.34666607017,0.0,0,786926,0
3,45.495925925925924,4823.6284800435,2316.128786641477,0.0,0,786928,0
14,0.0,-5050.31076,70958.00797750638,0.07142857142857142,0,500,0
1,0.0,-2415.0,0.0,0.0,0,786936,0
1,0.16472222222222221,45283.30699787277,352720.8962168429,0.2857142857142857,0,505,0
5,0.0,966.3295840250066,27489.20406405764,0.2,0,506,0
1,0.052222222222222225,115000.0,66947.7895735839,0.3333333333333333,0,508,0
1,0.014166666666666666,1300.0,760.5759876578459,0.0,0,262659,0
14,55.48898148148149,27193.54961266418,22397.31506241472,0.3,0,517,0
2,0.0,11.62811750000003,15656.758349032536,0.0,0,524805,0
0,0.0,0.0,0.0,0.0,0,786951,0
3,0.0,29.544900000000098,3466.585832390903,0.0,0,786963,0
2,0.0,-34284.0,20716.107368422283,0.0,0,538,0
2,3.85125,30000.0,11069.516850039967,0.14285714285714285,0,541,0
2,53.65375,97127.19504916656,35767.12065597621,0.18181818181818182,0,262686,0
0,0.0,30000.0,0.0,0.0,0,786978,0
2,67.72736111111112,2943.894930578,1371.6784798526003,0.0,0,262691,0
2,0.0,5.718018000000029,1435.4267658086915,0.0,0,524835,0
2,682.8697222222222,10000.0,5569.876895867432,0.0,0,786981,0
3,0.0,2913.800000000003,563551.1300472951,0.25,0,550,0
7,0.0,400.0,891.0521546798251,0.0,0,524843,0
65,29.579621212121207,96103.45629999999,29973.296933148922,0.30097087378640774,0,559,0
4,0.0,-9198.864,24388.12357568212,0.0,0,524847,0
1,0.02388888888888889,30000.0,17756.45030406791,0.3333333333333333,0,786992,0
5,0.0,130.94482900000003,6028.4056336126005,0.0,0,564,0
4,171.4632638888889,50000.0,18733.357736000908,0.08333333333333333,0,524854,0
1,0.005,10000.0,5809.380707194372,0.0,0,262710,0
0,0.0,20000.0,0.0,0.0,0,572,0
8,31.01861111111111,1383.42393,701.8874771693745,0.0,0,787007,0
4,0.0,13199.529064800008,221506.05356806968,0.2,0,576,0
2,0.0,5599.542720355999,4222.363355173602,0.0,0,577,0
1,0.0,-92218.0,0.0,0.0,0,578,0
8,98.85842592592593,19701.637862224,15198.504535657477,0.14285714285714285,0,787014,0
2,0.0,10000.0,6087.702796590839,0.0,0,524870,0
1,2.319166666666667,50000.0,25263.00517375521,0.0,0,587,0
1,0.0,1200.0,2224.5579336128785,0.0,0,787020,0
1,0.0,4242.391910200007,118685.75190181844,0.0,0,589,0
0,0.0,0.0,0.0,0.0,0,787024,0
3,130.91537037037037,10000.0,3930.5019126578086,0.0,0,262745,0
7,0.0,1550.0,129367.3375751612,0.0,0,262746,0
3,0.0,-742.0,794.3109706075348,0.0,0,606,0
1,0.0,0.44862400000000235,0.0,0.0,0,262761,0
0,0.0,10000.0,0.0,0.0,0,622,0
1,0.0,1398.0,43414.942151291645,0.0,0,630,0
4,0.0,666.8226976000005,14875.560462032301,0.0,0,640,0
0,0.0,101000.0,45978.2557302906,0.0,0,262788,0
1,0.014166666666666666,10000.0,5855.857931285583,0.0,0,262796,0
1,0.11861111111111111,500000.0,230785.0562623975,0.4,0,655,0
7,0.0,23.115513799999917,165.7320234940256,0.0,0,262805,0
10,67.42358333333333,5050.0,1762.2684267533552,0.0,0,787101,0
10,0.0,12025.698629999999,250336.28542861575,0.5454545454545454,0,674,0
2,26.605,6300.0,3177.5044517247284,0.0,0,787107,0
1,0.0,-960.0,0.0,0.0,0,262820,0
3,38.286944444444444,115789.73410329998,34339.77812231949,0.21739130434782608,0,787114,0
20,110.458,5000.0,15838.732141768476,0.0,0,787116,0
3,0.0,-3111.1097999999997,2381.483479415534,0.0,0,262834,0
0,0.0,20500.0,0.0,0.0,0,698,0
6,0.0,517.7818110999979,15950.39926282741,0.16666666666666666,0,262847,0
1,0.0,-684.131788134,0.0,0.0,0,706,0
4,4.1819444444444445,2165.0,59479.00238554514,0.0,0,262861,0
2,0.0,190.0,3.3875460732825995,0.0,0,787150,0
0,0.0,1600.0,0.0,0.0,0,722,0
0,0.0,0.0,0.0,0.0,0,787161,0
0,0.0,0.0,0.0,0.0,0,787162,0
0,0.0,25545.0,9497.021024159805,0.0,0,787169,0
16,0.005277777777777778,60000.0,69306.24856786599,0.3888888888888889,0,744,0
5,127.77270833333334,39000.0,17885.285167943435,0.7,4,787177,0
1,0.0,10000.0,9507.757779834317,0.0,0,750,0
28,40.84564814814815,952824.04,1049960.7921559466,0.525,0,756,0
3,36.193333333333335,3546.2657769096,1689.1021426200696,0.0,0,787202,0
0,0.0,100000.0,0.0,0.0,0,773,0
15,0.0,28.371000000000095,16446.678080954174,0.0,0,774,0
1,0.0,30000.0,21114.977662561905,0.5,0,778,0
3,0.0,900.0,527.6186001687028,0.0,0,262934,0
10,71.83002777777777,187581.780400271,60247.36136354761,0.43333333333333335,0,801,0
1,0.0,1000.0,701.5701238822145,0.0,0,262955,0
29,0.0,736.7585785999981,142278.0818903082,0.10344827586206896,0,813,0
2,214.71194444444444,1530.3337016771497,1366.8329915061713,0.0,0,816,0
1,0.0,3638.549241600005,108378.96345924333,0.0,0,824,0
1,0.0,-10000.0,0.0,0.0,0,828,0
0,0.0,40000.0,7071.067811865475,0.0,0,787265,0
6,0.0,668.0999999999985,125425.3706983098,0.0,0,834,0
2,186.1561111111111,15092.854320688,7582.790242883425,0.2,0,833,0
7,0.0,-8267.163605900016,193642.2429033222,0.14285714285714285,0,837,0
5,79.93458333333334,104624.48655143,54137.90567569744,0.25,0,846,0
5,214.48731481481482,1551.7073299999997,617.5719409594667,0.0,0,787311,0
1,0.0,100.0,0.0,0.0,0,885,0
25,66.47516666666667,2788.9672097,5663.423637458621,0.0,0,787321,0
1,0.0,10000.0,7034.127221883905,0.0,0,787324,0
0,0.0,168817.208927885,32788.17771276699,0.0,0,898,0
25,0.0,501.0,36326.80376875788,0.04,0,899,0
4,142.23458333333332,52536.14028086734,24512.665786769365,0.2222222222222222,0,525199,0
11,28.335277777777776,200000.0,234950.69910513103,0.29411764705882354,0,263055,0
0,0.0,0.0,0.0,0.0,0,917,0
1,0.058333333333333334,7000.0,4078.6075179009845,0.0,0,935,0
3,288.4533333333333,1007.28255555,549.093579765896,0.0,0,263081,0
3,0.024444444444444446,10000.0,8072.997184972885,0.0,0,787374,0
9,0.0,287.99485600000116,5020.5928048027035,0.0,0,263093,0
1,0.2152777777777778,4911.211807101092,43775.60079703624,0.0,0,950,0
1,0.030833333333333334,30000.0,13086.724358852376,0.0,0,787386,0
2,0.0,75.43291599999975,1788.9801564019651,0.0,0,787391,0
36,35.17287037037037,4755.16528,11643.065237120922,0.047619047619047616,0,787393,0
3,0.16722222222222222,25000.0,14842.247630904118,0.2,0,525252,0
0,0.0,43000.0,20000.0,0.0,0,525253,0
1,0.0022222222222222222,6000.0,3487.287624532102,0.0,0,787408,0
4,119.18481481481483,19863.8052,14371.145705631852,0.3,0,787414,0
1,0.0,500.0,0.0,0.0,0,263128,0
45,0.0,100.0,141035.25552649263,0.4222222222222222,0,263145,0
1,0.0,6000.0,4232.209293358829,0.0,0,525295,0
4,0.3422222222222222,100000.0,70005.63405528627,0.2222222222222222,0,1021,0
0,0.0,10000.0,2171.8626558395913,0.0,0,787456,0
9,67.36965277777779,10000.0,2824.6293025983364,0.0,0,525314,0
1,0.33666666666666667,1924.68,823.2227963119874,0.0,0,1027,0
1,0.0,-8518.476,0.0,0.0,0,787463,0
1,0.0,-21821.0,0.0,0.0,0,1047,0
2,108.50666666666666,33000.0,15074.476375087,0.3333333333333333,0,263192,0
6,0.0,50.01371199999994,2816.419601390812,0.0,0,1056,0
1,0.006944444444444444,2500.0,1461.6955735817448,0.0,0,787490,0
12,0.0025,1300.0,876.4054361653211,0.0,0,1066,0
1,0.15722222222222224,3100.0,1807.8102230060092,0.0,0,1067,0
2,0.2697222222222222,6201.0,2352.378643697654,0.0,0,263219,0
2,0.0,3500.0,3897.9377688645072,0.0,0,263222,0
1,0.08166666666666667,3000.0,1754.0988687028998,0.0,0,787519,0
4,66.93659722222222,5729.6036027,2509.9607563464383,0.0,0,1090,0
1,0.03166666666666667,5000.0,2915.4781661214133,0.0,0,787524,0
7,0.0,342.14022699999987,9131.566230009785,0.0,0,787525,0
0,0.0,0.0,0.0,0.0,0,1097,0
1,0.22694444444444445,3000.0,1451.4957833342023,0.0,0,525398,0
10,32.095555555555556,15401.346,48438.50684615311,0.1875,1,263263,0
5,58.93055555555556,2984.9306100090002,1927.677395384207,0.0,0,525413,0
16,0.0,985.5,115132.36799974646,0.0625,0,787565,0
0,0.0,8000.0,0.0,0.0,0,787566,0
1,0.0,1947.9935154999985,71376.0655997513,0.0,0,1140,0
33,42.06675925925926,18055.393143588,4472.596494181706,0.02564102564102564,0,525429,0
1,0.0,-15384.161540999996,0.0,0.0,0,787573,0
1,0.0,5000.0,3539.2035065772766,0.0,0,525431,0
5,37.46244444444444,18957.938141307997,8029.305194875915,0.3333333333333333,0,787576,0
3,0.009444444444444445,3500.0,5727.280417108715,0.0,0,1155,0
0,0.0,10000.0,0.0,0.0,0,787589,0
7,0.0,656.3611570000066,98693.5933514382,0.0,0,1158,0
0,0.0,250000.0,64549.72243679028,0.0,0,525446,0
1,0.04472222222222222,10000.0,5834.148701017896,0.0,0,787595,0
0,0.0,8942.648873826605,1058.6133720310897,0.0,0,1164,0
2,0.0,-771.0355142000008,17659.04716547436,0.0,0,525461,0
0,0.0,1000.0,0.0,0.0,0,525478,0
6,7.645277777777777,1640.0,648.3700366830443,0.0,0,525486,0
2,0.0,-391.18080000000003,40935.46707532365,0.0,0,1198,0
1,6.885,38000.0,22371.884740386453,0.3333333333333333,0,525490,0
1,0.006388888888888889,5000.0,2918.192285573085,0.0,0,787635,0
7,0.0,-122019.05040000001,194669.8846996589,0.14285714285714285,0,1207,0
3,46.54277777777778,1181.993637415,577.9958379734023,0.0,0,263351,0
2,0.0,1409.9060000000027,91805.61916535029,0.0,0,1211,0
3,0.0,-437.0,100000.0,0.3333333333333333,0,1212,0
2,0.0,-169.8268535999996,6349.193529817918,0.0,0,1221,0
0,0.0,0.0,0.0,0.0,0,263367,0
3,0.05638888888888889,4000.0,2566.1310968191765,0.0,0,787661,0
6,0.0,-81.01599999999962,7680.489168927314,0.0,0,1239,0
3,506.71472222222224,12051.738000000001,9122.027539071281,0.2,0,263389,0
1,0.1322222222222222,116658.52499723999,42095.683368167876,0.125,0,787677,0
9,0.0,412.7381999999998,37669.3638245578,0.0,0,1250,0
5,0.0,500.0,360.63826246954665,0.0,0,787683,0
1,0.0,1000.0,704.058852984836,0.0,0,787692,0
2,0.020555555555555556,4000.0,4284.5984303415225,0.0,0,525549,0
3,77.4262037037037,7120.0,3122.2871442987957,0.0,0,787695,0
0,0.0,60000.0,8862.094442789401,0.0,0,787699,0
3,0.0,426.0,8679.691542778723,0.0,0,525560,0
0,0.0,0.0,0.0,0.0,0,525561,0
3,35.10277777777778,3451.2619168552005,1909.6073633522788,0.0,0,1284,0
23,0.0,38.30112000000008,6631.037464271658,0.0,0,787718,0
2,18.871111111111112,5929.8795359999995,2688.0116657673657,0.0,0,1289,0
1,0.0022222222222222222,7000.0,4155.60465030384,0.0,0,525577,0
2,0.0,644.4779999999992,15268.556726161121,0.0,0,525580,0
1,122.61972222222222,4000.0,4958.588055005753,0.0,0,1296,0
2,0.0,109.02561119999973,4768.02102554089,0.0,0,787729,0
4,1.5491666666666666,15000.0,7715.238260998085,0.16666666666666666,0,1303,0
2,0.0,664.1800038000001,26891.270888524403,0.0,0,525593,0
3,0.0,62981.271924999994,37812.90123754061,0.0,0,1311,0
1,0.0,-49851.0,0.0,0.0,0,1318,0
2,0.0,1000.0,584.1236011779419,0.0,0,787751,0
1,0.0,-123.33204449999994,0.0,0.0,0,1320,0
10,0.0,535.2432696000033,79230.03436801273,0.0,0,1323,0
6,0.0,-46380.0,30201.702082277858,0.16666666666666666,0,1328,0
24,8.765,108562.579604,129561.65639347243,0.13793103448275862,0,1331,0
13,0.0,489.0600000000013,16793.671129005434,0.23076923076923078,0,525620,0
6,0.0,-150341.43726,61877.25090879976,0.16666666666666666,0,1333,0
2,214.8438888888889,100000.0,48263.868659367,0.2857142857142857,0,263478,0
1,0.03388888888888889,30000.0,12860.653121640886,0.0,0,787767,0
8,0.0,-747.0,8147.075412325421,0.0,0,1336,0
13,54.91983333333333,31069.649990157,7791.827080462835,0.2916666666666667,4,1339,0
3,0.0,1269.188000000002,42520.26730134531,0.0,0,1345,0
3,0.0,1693.4455999999918,47389.801479707065,0.0,0,1348,0
2,0.10194444444444445,30000.0,16314.826711355148,0.2,0,787780,0
1,0.0,-11000.0,0.0,0.0,0,787781,0
1,0.0,-3325.5303076,0.0,0.0,0,787783,0
1,0.0,-6030.0,0.0,0.0,0,1355,0
0,0.0,3000.0,0.0,0.0,0,1356,0
69,5.523333333333333,17783.475865199995,111396.63897620638,0.19718309859154928,0,525649,0
0,0.0,0.0,0.0,0.0,0,787793,0
1,0.017222222222222222,175900.0,67373.44529405724,0.2,0,525651,0
1,0.0,30600.0,21584.270472520766,0.5,0,1364,0
1,0.0,6000.0,4931.178705093058,0.0,0,787795,0
2,0.0,34347.08114999998,281446.63598122064,0.6666666666666666,0,1372,0
0,0.0,190000.0,50971.560358235445,0.0,0,1375,0
6,0.005555555555555556,3845.620571804233,208190.94991687822,0.0,0,1400,0
0,0.0,80000.0,17844.060222650707,0.0,0,1403,0
9,1.35625,1985.0,4209.092298067527,0.0,0,1409,0
5,0.0,2643.4405000000042,14057.496903235226,0.16666666666666666,0,1411,0
3,0.0,800.0,468.2504629964464,0.0,0,525704,0
7,80.47246031746032,30000.0,10898.239399524049,0.2857142857142857,0,1424,0
0,0.0,20000.0,0.0,0.0,0,1430,0
1,0.0,1500.0,1055.5419057932797,0.0,0,525724,0
32,7.876736111111111,50000.0,63913.507641902856,0.45,0,1439,0
1,0.0,-2798.0,0.0,0.0,0,1442,0
2,479.2138888888889,7000.0,3541.187485585614,0.0,0,787877,0
0,0.0,100000.0,35355.33905932738,0.0,0,1446,0
0,0.0,0.0,0.0,0.0,0,787879,0
1,0.09694444444444444,3000.0,1765.2885015355978,0.0,0,525746,0
1,0.0,-46.34999999999991,0.0,0.0,0,1466,0
14,89.45118055555557,32037.479334271004,17672.633175346407,0.18181818181818182,0,1471,0
5,82.11791666666667,9965.8207948,4914.339806043062,0.07692307692307693,0,787904,0
6,104.46976851851853,5958.717184800001,2351.3125671936054,0.0,0,1476,0
3,76.9413888888889,9336.898188432,3954.1481291803507,0.0,0,525765,0
1,318.52944444444444,20000.0,8566.092071287469,0.0,0,525767,0
2,9.868333333333334,100000.0,44874.16902402486,0.625,0,1481,1
0,0.0,777177.0502,284802.42265503365,0.0,0,525778,0
1,0.0,10000.0,7455.733900830957,0.0,0,787925,0
5,82.10277777777779,10000.0,4108.697324055697,0.0,0,787926,0
165,0.7781944444444444,31497.324,185569.81681470666,0.2413793103448276,0,525784,0
6,0.0,-495000.0,572079.3910028085,0.16666666666666666,0,1507,0
3,157.0934259259259,10055.73566,3946.4158904293113,0.0,0,525798,0
2,0.0,595.8500000000022,18405.989514285833,0.0,0,1524,0
27,32.73694444444445,33775.661376128,71061.85219840163,0.21212121212121213,0,1527,0
3,161.93069444444444,10000.0,3984.7429023032137,0.0,0,263676,0
2,0.0,633.082022999999,17996.57468797882,0.0,0,525824,0
3,17.703703703703706,49852.987121000006,25500.30541199465,0.2727272727272727,0,525831,0
1,0.0,3000.0,2121.426170171112,0.0,0,1546,0
2,0.0,-1659.2345,119101.71501640833,0.0,0,525838,0
1,0.0,20000.0,13788.582233137677,0.0,0,1553,0
1,0.08,4100.0,2399.019701968377,0.0,0,1555,0
0,0.0,5000.0,1414.213562373095,0.0,0,525853,0
1,0.0,-261438.0,0.0,0.0,0,1568,0
1,0.0,-118024.0,0.0,0.0,0,525858,0
3,0.0,-10000.0,13228.756555322952,0.0,0,1572,0
1,0.0,-2486.0,0.0,0.0,0,788009,0
1,0.0,-210.86136352722,0.0,0.0,0,788012,0
8,0.0,1302.3300936,365.0832960744958,0.0,0,788013,0
1,0.0,-4981.28,0.0,0.0,0,1582,0
15,111.6025,4952.485,7307.0628420561425,0.058823529411764705,0,1588,0
4,197.16416666666666,1903.72957027672,1183.7358381267818,0.0,0,788024,0
2,142.41180555555556,19510.0,9284.951338165913,0.16666666666666666,0,1596,0
1,0.0,-19121.0,0.0,0.0,0,525885,0
69,0.0,1485.0,32505.761608763903,0.5142857142857142,0,263744,0
0,0.0,200000.0,70710.67811865476,0.0,0,1600,0
1,0.0,-6297.0,0.0,0.0,0,263747,0
2,0.0,7.868028000000038,378.3021279348029,0.0,0,1606,0
2,4.27,40000.0,23068.549342342823,0.75,1,788047,0
4,0.0,1000.0,14177.209917872733,0.0,0,1621,0
2,0.0,-12863.6346,140518.48821654366,0.0,0,525912,0
1,0.0,1583.0,2121.3203435596424,0.0,0,788062,0
1,0.0,1510.0,43451.00459713216,0.0,0,525928,0
3,11.244166666666667,100000.0,46280.52340822732,0.625,0,263793,0
2,73.69708333333334,29988.0,14092.729638283954,0.16666666666666666,0,525941,0
3,31.755925925925922,3200.0,1621.464641021016,0.0,0,1659,0
1,0.0,-2306.0,0.0,0.0,0,1661,0
1,0.0,-213000.0,0.0,0.0,0,1663,0
13,76.72083333333333,1531.6719523860002,442.07207612141275,0.0,0,1667,0
1,0.07055555555555555,500000.0,295272.96203860804,0.6666666666666666,0,1672,0
13,47.20425925925927,975052.2298808,259892.51788019392,0.4634146341463415,0,525961,0
14,24.967777777777776,4649.9556759179995,2739.2410223535885,0.0,0,1681,0
0,0.0,0.0,0.0,0.0,0,788114,0
4,124.09590277777778,25018.3030493476,8695.587000199317,0.3125,0,525973,0
3,0.0,-1830.0,2629.6880043077354,0.0,0,1686,0
3,39.895833333333336,7391.616959400009,58660.68195144483,0.0,0,1687,0
2,171.80013888888888,196067.97856224,89479.53344234382,0.3333333333333333,0,263853,0
4,155.95680555555555,100000.0,50598.64185852555,0.25,0,526000,0
5,0.0,1161.234185999987,116466.88282368798,0.0,0,1718,0
3,0.0,1000.0,33692.72734885505,0.0,0,1722,0
1,0.0,2000.0,1060.6601717798212,0.0,0,788154,0
5,0.0,29.290572399999974,11.333622326589088,0.0,0,1733,0
2,0.0,60.40000000000009,1738.0684681565338,0.0,0,526022,0
19,0.0,476.41999999999825,498757.92940354673,0.10526315789473684,0,1736,0
4,36.65814814814815,30000.0,11081.813048498465,0.75,3,263880,0
1,0.014444444444444444,14000.0,8198.715566729466,0.3333333333333333,0,1748,0
0,0.0,6055.0,31.46956201368766,0.0,0,263902,0
1,0.0,-10429.0,0.0,0.0,0,788194,0
4,0.011944444444444445,3100.0,1846.7707712324623,0.0,0,1765,0
4,329.59833333333336,2985.7834580000003,1362.136737470368,0.0,0,526054,0
32,0.0,386.67199999999866,147112.20315344862,0.25,0,1767,0
0,0.0,18666.0,0.0,0.0,0,1771,0
1,0.0,-51095.0,0.0,0.0,0,526059,0
1,0.05333333333333334,5000.0,2895.7238099178244,0.0,0,526078,0
1,0.33555555555555555,1600.0,933.9840356363198,0.0,0,526083,0
2,0.0,779.1532012000025,19792.625912192652,0.0,0,1796,0
0,0.0,20772.0,5142.080512788573,0.0,0,1808,0
1,0.0,-74909.0,0.0,0.0,0,788244,0
13,101.44388888888889,2210.4218455749997,742.9482828393692,0.0,0,788253,0
2,0.0,150.69999999999982,53.10371926710965,0.0,0,526115,0
2,0.0,-1826.0356931999995,70656.14747749714,0.0,0,1828,0
1,0.0,-1709.9716602409399,0.0,0.0,0,1827,0
0,0.0,50000.0,5246.987823293601,0.0,0,526119,0
0,0.0,0.0,0.0,0.0,0,788268,1
1,142.2686111111111,200000.0,72416.96517974121,0.03225806451612903,0,526125,0
0,0.0,15000.0,3535.5339059327375,0.0,0,1840,0
3,22.238611111111112,20000.0,7510.157371356376,0.0,2,788277,0
5,0.0,239.71584000000075,7008.822933418807,0.0,0,1847,0
4,0.0,345.59999999999854,14242.130612467787,0.0,0,1850,0
3,203.4451388888889,1017.3342167599999,543.3378485449659,0.0,0,788283,0
3,0.0,-75044.421330625,17132.25317266759,0.3333333333333333,0,263996,0
0,0.0,10000.0,0.0,0.0,0,1857,0
1,232.04666666666665,200000.0,74695.6298363518,0.0,0,1858,0
0,0.0,3000.0,0.0,0.0,0,788289,0
3,0.0,800.0,505.9090238313082,0.0,0,788295,0
0,0.0,0.0,0.0,0.0,0,788304,0
77,0.044444444444444446,5000.0,6387.377052832972,0.05063291139240506,0,1881,0
7,44.86902777777778,1968.1363884999998,731.7259513356493,0.0,0,788316,0
2,15.35388888888889,1985.0,845.7208880388375,0.0,0,264029,0
4,89.40215277777779,8822.767457580001,3575.896191175573,0.0,0,526173,0
0,0.0,3100.0,0.0,0.0,0,526178,0
1,0.0,-116366.34129999999,0.0,0.0,0,264034,0
1,21.56111111111111,100421.56113103,41757.99201554965,0.0,0,788325,0
3,0.0,474.0,23538.286742029464,0.0,0,526192,0
2,34.95861111111111,29425.696469529004,15474.200686519112,0.3333333333333333,0,526194,0
1,0.0,-7284.669,0.0,0.0,0,788348,0
2,0.0,181.21860000000015,4366.384373826931,0.0,0,1917,0
1,0.0,500.0,0.0,0.0,0,526206,0
1,0.0,6148.67907350001,209359.46866693182,0.0,0,1919,0
4,211.06000000000003,10081.999427806,4967.936081878399,0.0,2,526211,0
0,0.0,9000.0,0.0,0.0,0,788355,0
2,0.0,180.0,3889.794403307198,0.0,0,1928,0
9,0.4538888888888889,13653.75814141595,75825.9586529198,0.36363636363636365,0,1931,0
1,1.113611111111111,10000.0,4452.802847393072,0.0,0,264076,0
0,0.0,0.0,0.0,0.0,0,264077,0
0,0.0,0.0,0.0,0.0,0,788366,0
8,0.0,1000.0,404.44383560874553,0.0,0,526223,0
2,59.32625,9224.318800000001,4279.132345159908,0.0,0,1940,0
2,527.9663888888889,2000.0,687.6020013601247,0.0,0,788384,0
2,370.9876388888889,3200.0,1622.380650709217,0.0,0,788389,0
6,0.3536111111111111,6500.0,3271.8147492098474,0.0,0,788390,0
1,0.0,1000.0,704.0591319865443,0.0,0,526246,0
1,87.1511111111111,380498.389812734,1417093.2782212256,0.08695652173913043,0,1974,0
15,0.0,-8996.615,25027.58213744825,0.13333333333333333,0,526264,0
0,0.0,60000.0,0.0,0.0,0,1980,0
12,78.81104166666667,3000.0,2279.1862114927108,0.0,0,1987,0
1,0.0,-917.0,0.0,0.0,0,526280,0
2,0.0,29.754457399999865,1110.8647532440662,0.0,0,526293,0
1,0.03916666666666667,10000.0,5830.99106522905,0.0,0,526294,0
7,0.0,772.2594854000008,7865.34238179204,0.14285714285714285,0,2007,0
6,52.04284722222222,33660.955458312,16041.373965524523,0.35714285714285715,0,526297,0
17,0.0,37.19168530000002,689.5371077794013,0.0,0,2010,0
1,0.0,-10269.167247766,0.0,0.0,0,526298,0
5,0.0,-2193.84,16907.790498321305,0.0,0,2012,0
3,0.17805555555555555,9576.5416,4636.716040787631,0.0,0,788445,0
9,144.50259259259258,5100.0,3547.8814125933263,0.0,0,788448,0
1,0.008333333333333333,35000.0,20336.83178597602,0.3333333333333333,0,788450,1
1,25.711666666666666,8755.767136999988,96631.47156811377,0.0,0,526306,0
2,0.0,-4432.0,9570.690283359922,0.0,0,2022,0
2,0.0,102.88587599999983,6.990369957569218,0.0,0,526312,0
0,0.0,1000.0,0.0,0.0,0,2028,0
2,252.94180555555556,100000.0,41352.22963485068,0.42857142857142855,0,526319,0
3,202.1586111111111,17010.64595332,7910.769893893787,0.2,1,526321,0
104,0.8583333333333333,30259.69675294659,8081746.799343789,0.5142857142857142,1,2043,0
6,0.0,-92043.068,79610.84870173191,0.16666666666666666,0,526331,0
2,10.535277777777777,100000.0,52886.64679352339,0.8333333333333334,0,526338,1
4,0.0,479.3318670000008,11025.889848840228,0.0,0,788483,0
0,0.0,9985.0,6344.232751483823,0.0,0,2051,0
2,58.50263888888889,46000.0,22300.530931975645,0.3333333333333333,0,2056,0
5,0.0,950.0485462350043,13625.485269889394,0.0,0,2057,0
8,0.0,-2380.1755999999996,11330.423421770764,0.125,0,526346,0
1,0.0,-60299.0,0.0,0.0,0,2059,0
30,0.0,69.73499999999967,181384.94812065994,0.1,0,2061,0
2,0.6566666666666666,1485.0,586.9724576126213,0.0,0,526352,0
1,0.0044444444444444444,4000.0,2332.9961967990334,0.0,0,2065,0
4,55.17861111111111,201502.52360701794,60295.93432980839,0.18181818181818182,2,788508,1
1,0.0,-28798.0,0.0,0.0,0,2076,0
0,0.0,61990.0,24167.768416839815,0.0,0,2081,0
6,107.60800925925925,49323.813165187,21267.10584466162,0.25,1,2085,0
0,0.0,0.0,0.0,0.0,0,788518,0
2,74.55638888888889,19900.0,9465.292225635016,0.0,0,788520,0
1,0.1063888888888889,15000.0,8734.227563416378,0.3333333333333333,0,788528,0
7,0.0,-10.721633699999984,1072.0778138139228,0.0,0,2098,0
2,0.0,1000.0,585.2955326221561,0.0,0,526392,0
3,6.913749999999999,100000.0,59990.54593189795,0.625,0,2110,0
4,38.01388888888889,50460.368619776986,23511.56032360443,0.5555555555555556,2,2111,0
4,48.06944444444444,1243.6311021,501.60843710940355,0.0,0,2112,0
1,0.019444444444444445,5000.0,2917.768053614137,0.0,0,2117,0
3,0.03111111111111111,5000.0,3478.4377454342707,0.0,0,788551,0
1,0.0,17340.0,223937.18206787365,0.0,0,2119,0
15,0.0,-42810.00000000001,107767.23205229423,0.13333333333333333,0,264265,0
4,76.82833333333335,28376.46708281227,10529.011288840564,0.15384615384615385,0,2142,0
3,0.0,-9991.0,28641.823405642317,0.0,0,788582,0
2,50.14972222222222,48102.2816916,21896.629049831314,0.3333333333333333,0,264296,0
1,0.02,2000.0,1162.3837365902607,0.0,0,264302,0
1,0.0,10000.0,7030.471397343993,0.0,0,788593,0
4,0.0,970.0,4541.692048858737,0.0,0,2175,0
1,0.0077777777777777776,25000.0,14647.719090412824,0.3333333333333333,0,2176,0
0,0.0,1500.0,0.0,0.0,0,2182,0
0,0.0,160000.0,30000.0,0.0,0,2184,0
10,0.0,900.0,426.2405430870025,0.0,0,2186,0
5,70.30144444444446,7720.584282458,2650.290701258758,0.0,0,264333,0
0,0.0,9000.0,2828.42712474619,0.0,0,2190,0
1,0.016944444444444446,100000.0,49800.92960125775,0.6666666666666666,0,788631,0
4,0.0,341.0,155.4201147470944,0.0,0,526487,0
0,0.0,2400.0,0.0,0.0,0,788635,0
1,0.18777777777777777,10000.0,5928.994321207049,0.0,0,526491,0
2,0.0,639.9726755999982,17707.368014473523,0.0,0,2210,0
0,0.0,10000.0,0.0,0.0,0,526501,0
23,91.6536111111111,1478.7530498289993,549.2563951845779,0.0,0,788658,0
4,180.6675,25236.0,56966.87033124891,0.125,0,2228,0
2,0.0,-2256.0,918.5317087613253,0.0,0,2230,0
3,0.0,68.15765848199999,211.47354158192266,0.0,0,2236,0
14,0.0,143.3765319999984,80708.51277211375,0.0,0,264381,0
3,299.3691666666667,24000.0,32926.1508399376,0.125,0,2241,0
0,0.0,0.0,0.0,0.0,0,788678,0
0,0.0,10000.0,0.0,0.0,0,788683,0
29,20.41519547325103,4045.0773953969983,1056.3655952430538,0.0,0,788687,0
2,56.276944444444446,8807.9105123704,5773.235597941935,0.0,0,2256,0
1,0.0,-0.5010000000000012,0.0,0.0,0,788694,0
2,0.0,266.6999999999989,6592.3565210021825,0.0,0,526561,0
0,0.0,0.0,0.0,0.0,0,264420,1
7,20.275277777777777,46000.0,17883.13519374826,0.0,0,788710,0
5,0.0,-2.835000000000008,13240.019924498793,0.0,0,264426,0
35,0.0,-21399.2856,198141.45766796928,0.5714285714285714,0,264427,0
0,0.0,0.0,0.0,0.0,0,2285,0
0,0.0,49043.0,0.0,0.0,0,526581,0
1,0.0325,9985.0,5804.090710877008,0.0,0,2299,0
2,0.0,378.7394000000004,8610.43927450859,0.0,0,526593,0
10,8.756388888888889,30000.0,20572.12592881278,0.125,0,2306,0
2,0.0,4000.0,52791.87840967724,0.0,0,526594,0
10,68.00450617283951,19000.0,5240.334268715972,0.1,1,788741,0
1,0.0,5750.0,3611.118953936824,0.0,0,788743,0
3,239.2764814814815,50000.0,22930.269200683164,0.2222222222222222,1,2315,0
111,12.724652777777777,3176.0053932519895,4123.500907398662,0.0,0,526603,0
4,14.283541666666666,3123.658,1425.7037543701713,0.0,0,788748,0
2,0.0,58.07274800000005,1848.3771260216351,0.0,0,2316,0
1,0.0,2274.0,2404.1630560342614,0.0,0,526606,0
1,0.01861111111111111,4000.0,2325.4590814877306,0.0,0,788750,0
2,0.0,-29672.8,231.36533880423886,0.0,0,2321,0
0,0.0,0.0,0.0,0.0,0,788751,0
1,0.0,-20063.889087994,0.0,0.0,0,788747,0
15,0.0,997.9200000000055,42157.124158065824,0.13333333333333333,0,526613,0
1,0.0,10106.3206223,7071.067811865475,0.0,0,788759,0
0,0.0,0.0,0.0,0.0,0,2327,0
11,0.0,-16397.0,20889.336633813797,0.0,0,788765,0
1,0.005833333333333334,2000.0,1185.422130879817,0.0,0,526621,0
5,47.8875,11000.0,3109.7259414051327,0.0,0,2336,0
0,0.0,5000.0,0.0,0.0,0,788770,0
1,0.0,1447.5,54003.866199560194,0.0,0,2341,0
3,25.464166666666667,97809.22026871168,38455.7793339192,0.4,0,2343,0
0,0.0,10000.0,0.0,0.0,0,526637,0
2,0.0,-8.947448399999985,229.1014999575597,0.0,0,2349,0
9,0.0,1000.0,4195.191385511739,0.0,0,526646,0
11,0.0,250.0,5203.761174094407,0.0,0,2359,0
3,121.80597222222222,10000.0,5486.521560896651,0.0,0,788796,0
9,0.0,49.20000000000027,2964.5178860402775,0.0,0,264513,0
1,0.019444444444444445,15000.0,8804.49088922056,0.3333333333333333,0,526664,0
39,24.856944444444444,1629.8890640999994,8042.967076026769,0.024390243902439025,0,2383,0
0,0.0,0.0,0.0,0.0,0,788817,0
1,0.0,1670.6390399999946,62750.0699760566,0.0,0,2397,0
70,0.0,46.51546873455072,10.925320448464081,0.0,0,2405,0
10,72.30824074074074,5324.850343672,3520.97749322579,0.0,0,788839,0
3,4.352592592592592,100000.0,38170.49795250217,0.6,0,2408,0
4,613.4397222222223,42318.26459726026,24682.784922906634,0.16666666666666666,0,788844,0
17,0.0,41.824782199999845,19.7883053596273,0.0,0,2417,0
2,0.0,349.667621999999,24628.52918872745,0.0,0,2420,0
26,2.2222222222222223,3920.8062900000004,3603.2574640987827,0.034482758620689655,0,788852,0
0,0.0,10000.0,0.0,0.0,0,2437,0
33,18.420555555555556,1930.1148984819997,12283.883434554718,0.024390243902439025,0,2438,0
6,23.335,210000.0,73319.36792302692,0.42857142857142855,0,2439,0
0,0.0,0.0,0.0,0.0,0,788872,0
10,0.0,-754.4923176000011,65479.246436474066,0.4,0,2444,0
1,0.0,-18368.0,0.0,0.0,0,2446,0
1,0.0,-7795.002000000001,0.0,0.0,0,788886,0
1,0.06527777777777778,10000.0,6028.974882710616,0.0,0,2459,0
3,0.05555555555555555,6000.0,4978.963026325338,0.0,0,2461,0
0,0.0,18000.0,5477.2255750516615,0.0,0,526753,0
1,0.013055555555555556,100000.0,58411.339501688235,0.3333333333333333,0,2472,0
2,0.0,515.3387550000007,19658.982730548396,0.0,0,526763,0
1,0.0,92.71201200000041,0.0,0.0,0,2479,0
0,0.0,0.0,0.0,0.0,0,526769,0
3,129.9289814814815,248589.20556786846,102568.78712765829,0.3333333333333333,0,526780,0
4,26.014097222222226,9939.36043612962,3822.362209111119,0.0,0,2492,0
10,0.0,-9159.6522,17621.103884597236,0.0,0,526784,0
11,53.186969696969705,29410.252716404073,9033.649487760984,0.3939393939393939,0,788937,0
3,191.94916666666666,25133.264199999998,13801.007824174656,0.2,0,526800,0
18,53.865462962962965,15000.0,14790.021355250718,0.08333333333333333,0,2513,0
1,0.028055555555555556,3000.0,1747.1478869633156,0.0,0,788946,0
0,0.0,50000.0,0.0,0.0,0,788947,0
8,0.0,307.3199999999997,40269.219765398666,0.0,0,2517,0
1,0.42055555555555557,5000.0,2954.4425660796874,0.0,0,526807,0
107,13.023194444444444,32001.436299939032,5484.839209616578,0.026785714285714284,0,2524,0
0,0.0,0.0,0.0,0.0,0,2527,0
2,233.34555555555556,5978.83326772,10384.62508497779,0.25,0,264672,0
1,0.005833333333333334,105500.0,61360.357431643366,0.3333333333333333,0,264674,0
2,4.021944444444444,100414.551224768,54452.67781079511,0.6,1,526822,0
1,0.0,-15000.0,0.0,0.0,0,526840,0
2,10.587222222222222,50000.0,21184.084783967606,0.2,0,788986,0
1,0.0,-12429.5066,0.0,0.0,0,2554,0
1,0.0,3000.0,4398.204178980325,0.0,0,2568,0
1,0.0,118.84864800000014,0.0,0.0,0,526865,0
0,0.0,0.0,0.0,0.0,0,789012,0
11,0.0,1060.3007999999973,19502.788704719016,0.0,0,526872,0
41,24.08813492063492,3007.2562138900003,581.4727158276019,0.0,0,789022,0
2,0.0,1800.0,763.7626158259733,0.0,0,526880,0
12,20.0075,50208.99491998,68693.72039201419,0.5,5,526884,0
2,0.0,755.390476499997,26065.370168098514,0.0,0,789040,0
2,13.571805555555555,100000.0,44533.84145589843,0.5,0,264753,0
1,0.0,31000.0,21837.540476522827,0.5,0,2612,0
6,0.0,-39812.813599999994,229578.48274850726,0.5,0,789050,0
0,0.0,0.0,0.0,0.0,0,789055,0
1,0.0,-292.0,0.0,0.0,0,2629,0
3,0.0,-49.590999999999894,30964.58422307254,0.0,0,789066,0
0,0.0,9000.0,4242.640687119285,0.0,0,526933,0
0,0.0,20000.0,0.0,0.0,0,2650,0
13,54.220092592592586,106644.58023899798,483497.74660824164,0.2631578947368421,0,2651,0
0,0.0,20000.0,5821.571069707977,0.0,0,526938,0
0,0.0,20000.0,0.0,0.0,0,2655,0
2,20.062777777777775,4000.0,2346.641364244086,0.0,0,526944,0
0,0.0,9985.0,0.0,0.0,0,2661,0
3,11.914166666666667,4070.0,2637.8764000669175,0.0,0,2672,0
7,0.0,348.9133787999999,8692.480224096336,0.0,0,2681,0
0,0.0,3000.0,0.0,0.0,0,2687,0
9,103.54174603174603,9251.91631420414,3221.1249245983804,0.0,0,264838,0
2,104.68,1388.505,19426.47019747369,0.0,0,789128,0
2,60.92388888888889,42760.51456446,20021.953415780965,0.16666666666666666,0,789139,0
2,0.0,473.52600000000166,21505.23853622647,0.0,0,2710,0
7,22.79222222222222,3500.0,131319.0645586526,0.0,0,2715,0
1,12.948888888888888,200000.0,81876.19958472325,0.6666666666666666,0,789148,0
3,0.013055555555555556,10000.0,5775.4798197698365,0.0,0,2717,0
2,0.0,389.54223079999815,422.5687666275826,0.0,0,264865,0
1,0.0,9980.0,7027.202643431575,0.0,0,789159,0
1,0.025277777777777777,20000.0,11969.91153466993,0.3333333333333333,0,2731,0
4,167.4698611111111,37000.0,14523.01824150447,0.25,0,2733,0
0,0.0,0.0,0.0,0.0,0,2734,0
0,0.0,30000.0,7071.067811865475,0.0,0,789170,0
1,0.0,-2699.0,0.0,0.0,0,264886,0
0,0.0,0.0,0.0,0.0,0,789177,0
10,0.0,-60.001550399999815,4050.309829874311,0.0,0,789183,0
5,0.008055555555555555,35000.0,28453.172927938023,0.2857142857142857,0,527040,0
1,0.04055555555555555,10000.0,5855.692276593057,0.0,0,527042,0
1,0.05583333333333333,3000.0,1772.6378007078501,0.0,0,789190,0
2,0.0,15.047956999999997,445.47727214752496,0.0,0,2765,0
1,0.08055555555555556,100000.0,58155.71793984631,0.3333333333333333,0,2766,0
1,0.0,-40030.0,0.0,0.0,0,2776,0
1,0.004166666666666667,10000.0,5819.563563976028,0.0,0,264927,0
2,245.9825,1000000.0,436256.9555344819,0.5555555555555556,0,2784,0
1,0.0,100.0,0.0,0.0,0,789217,0
16,64.88138888888889,1857.0989299999992,1474.9356613408195,0.0,0,789218,0
3,0.07,15000.0,8460.69005529096,0.2,0,2786,0
0,0.0,10000.0,4949.747468305833,0.0,0,2791,0
1,0.025555555555555557,50000.0,29144.85925591624,0.3333333333333333,0,527081,0
4,0.0,-14146.061378525264,30279.248744194843,0.0,0,527087,0
0,0.0,20000.0,7071.067811865475,0.0,0,789232,0
0,0.0,150000.0,45734.74244670748,0.0,0,789234,0
8,0.0,195.4907149999981,10116.176833137726,0.0,0,264951,0
1,0.019444444444444445,19900.0,9690.434635601894,0.0,0,2807,0
7,0.0,5870.0,360334.0087652614,0.0,0,2825,0
1,0.20166666666666666,10000.0,4996.625270870026,0.0,0,527115,0
1,0.0,4000.0,2799.865686767741,0.0,0,527116,0
0,0.0,200000.0,76376.26158259733,0.0,0,527123,0
0,0.0,3000.0,0.0,0.0,0,527132,0
1,0.08722222222222223,250000.0,149500.15247236058,0.6666666666666666,0,2846,0
3,353.1123611111111,5026.241324234999,2137.4857876994015,0.0,0,264991,0
5,145.85930555555555,3037.6388243420006,1497.6511634790781,0.0,0,527137,0
5,64.94816666666667,68379.048504021,21415.616870021546,0.2222222222222222,0,789287,0
0,0.0,10000.0,0.0,0.0,0,2855,0
0,0.0,10000.0,0.0,0.0,0,789292,0
4,0.0,298.2788432999987,11180.344178090265,0.0,0,2861,0
22,33.29367283950617,74133.31731557699,69515.79459840631,0.35714285714285715,0,2874,0
1,15.535555555555556,2000.0,906.3122899862257,0.0,0,789308,0
1,0.0,-220.0,0.0,0.0,0,2879,0
12,83.56011111111113,15333.805393236,6141.411518303913,0.12,0,789315,0
0,0.0,45764.92085490003,0.0,0.0,0,2887,0
0,0.0,3000.0,0.0,0.0,0,789323,0
1,0.07166666666666667,5000.0,2930.958513196617,0.0,0,527183,0
30,0.0,-28339.819199999998,174567.98617153184,0.5333333333333333,0,789331,0
5,0.0,576.3215376999979,10997.460785210822,0.2,0,2902,0
4,42.0125,57199.0,61158.80966794563,0.16666666666666666,1,265047,0
3,67.24268518518518,159681.473357561,57964.19973341084,0.42857142857142855,1,2904,0
0,0.0,0.0,0.0,0.0,0,789335,1
0,0.0,0.0,0.0,0.0,0,789336,0
1,0.008888888888888889,100000.0,49807.394622498236,0.6666666666666666,0,789339,0
2,0.0,-665.53,170310.02396005744,0.0,0,265054,0
14,80.18702380952381,6100.668,2045.080065940746,0.0,0,789346,0
1,0.0,1000.0,353.5533905932738,0.0,0,2916,0
4,0.0,8144.896602382631,3248.85760253937,0.0,0,2919,0
2,153.7759722222222,29128.52923292,12726.771139320872,0.14285714285714285,1,789356,0
2,199.1977777777778,8779.651759995,10223.906510758414,0.2,0,527214,0
9,24.734166666666667,46164.75699305216,32895.07214740164,0.16666666666666666,0,527217,0
0,0.0,2000.0,707.1067811865476,0.0,0,2946,0
23,5.729722222222223,69364.15486012842,81649.95568064714,0.4583333333333333,1,789381,0
3,25.235972222222223,79357.90442400001,30647.497446405243,0.2222222222222222,0,789382,0
2,0.0,804.0,21735.048240112097,0.0,0,2953,0
3,0.0,-3068.8658,54457.82833593072,0.0,0,789389,0
1,0.0,-13779.0,0.0,0.0,0,789394,0
12,8.13888888888889,18000.0,23608.84503260481,0.2777777777777778,0,2973,0
1,0.005555555555555556,20000.0,11901.177812860935,0.3333333333333333,0,527261,0
0,0.0,20000.0,3535.5339059327375,0.0,0,2987,0
9,99.83629629629631,2970.0,1374.6050686912388,0.0,0,527278,0
2,0.0,-40.0,7771.103525240157,0.0,0,527279,0
0,0.0,20000.0,0.0,0.0,0,789423,0
1,0.0,10000.0,7040.376089487163,0.0,0,789422,0
3,189.6600925925926,13276.691100999999,3803.048976855053,0.0,1,2994,0
3,0.0,-3037.0,3065.0026644904133,0.0,0,789427,0
3,0.0,891.6562731999984,16326.17282731933,0.0,0,527291,0
2,47.94861111111111,3000.0,1410.218246167974,0.0,0,527296,0
0,0.0,5000.0,0.0,0.0,0,527298,0
1,0.0,783.0,0.0,0.0,0,3017,0
1,10.325277777777778,50000.0,27353.1168673716,0.5,0,527308,0
3,0.0,-1390.1999999999998,26575.747876059384,0.3333333333333333,0,3026,0
2,0.0,3021.0,2317.4504794160725,0.0,0,527316,0
1,0.8897222222222222,396084.7114349,149131.54151266353,0.5714285714285714,0,3029,0
2,0.0,1000.0,591.7675375195258,0.0,0,789473,0
3,37.30861111111111,48662.75600000005,952452.3270892053,0.2857142857142857,0,789477,0
0,0.0,260000.0,112952.79249904951,0.0,0,789480,0
4,0.0,91.88400000000001,2391.084988800482,0.0,0,3053,0
4,0.0,20000.0,399866.44248362497,0.2,0,3054,0
0,0.0,3000.0,0.0,0.0,0,789486,0
1,102.74138888888889,32757.553884899942,38148.423840310876,0.0,0,3056,0
2,17.170972222222222,99500.0,44295.726918706845,0.5,0,789492,0
6,0.0,500.0,262.26007251850416,0.0,0,3064,0
0,0.0,1070331.16840096,509802.2314510372,0.0,0,527356,0
3,0.0,-8.403999999999996,568.0175305187149,0.0,0,789504,0
1,0.0,-2585.71854108,0.0,0.0,0,3082,0
1,0.0,-4576.0,0.0,0.0,0,789518,0
1,0.0,-61191.62513872,0.0,0.0,0,789521,0
4,113.87659722222222,8000.0,3004.756224081615,0.0,0,3099,0
0,0.0,150000.0,50000.0,0.0,0,789538,0
1,0.03805555555555556,30000.0,17501.980485477845,0.3333333333333333,0,527421,0
0,0.0,20000.0,0.0,0.0,0,3137,0
2,0.0,880.7220000000016,28130.82907594442,0.0,0,527426,0
2,124.58694444444444,30000.0,13910.237874587216,0.16666666666666666,0,527429,0
0,0.0,0.0,0.0,0.0,0,789579,0
4,0.0,801.5999999999985,72131.26835788116,0.0,0,265293,0
0,0.0,0.0,0.0,0.0,0,527441,0
1,430.82194444444445,252886.84999999998,130565.6077130186,0.2,0,527444,0
2,68.73388888888888,50000.0,23543.487322815105,0.3333333333333333,0,3159,0
16,94.92881944444444,15741.3738,14699.832500820428,0.23809523809523808,2,789592,0
3,0.815,96631.411765928,48335.30827183674,0.3333333333333333,0,527450,0
2,0.0,15500.0,8808.286926809278,0.3333333333333333,0,265311,0
3,257.0004166666667,10015.205235824,4024.8317246697497,0.0,1,265312,0
2,0.0,118.38648360000025,3597.052195895967,0.0,0,3174,0
8,69.05760416666666,61952.452531532006,23441.996866435886,0.3333333333333333,0,527464,0
10,113.12283333333332,10000.0,5042.004464078723,0.0,0,789610,0
2,0.0,1000.0,586.1275083264054,0.0,0,527468,0
1,0.006111111111111111,10000.0,5936.739153050421,0.0,0,527469,0
17,14.813749999999999,16798.113915,13764.198257506025,0.047619047619047616,0,789620,0
15,0.006388888888888889,6929.0,17591.350370999695,0.0,0,789621,0
0,0.0,0.0,0.0,0.0,0,789628,0
0,0.0,8015.0,176.01590335502542,0.0,0,3201,0
0,0.0,30000.0,16034.98728214324,0.0,0,265348,0
0,0.0,0.0,0.0,0.0,0,789644,0
2,0.0,883.6399999999994,19320.985689141224,0.0,0,265358,0
11,0.0,-3292.0509556020006,20269.629856817766,0.09090909090909091,0,3218,0
1,0.0,-1850.9597999999999,0.0,0.0,0,3229,0
2,11.72,100000.0,42658.724788960724,0.8,1,527518,0
1,0.0,3000.0,2112.241112620537,0.0,0,3234,0
9,0.0,69.60074080000004,1457.710101595383,0.0,0,527524,0
5,0.0,-19816.0,49550.97098220922,0.0,0,3240,0
0,0.0,50000.0,0.0,0.0,0,527528,0
1,0.0,-5891.0,0.0,0.0,0,265391,0
2,0.0,71.02983750000021,3215.2145340552315,0.0,0,3251,0
2,45.720555555555556,50000.0,25991.416804815366,0.3333333333333333,0,789683,0
0,0.0,0.0,0.0,0.0,0,789685,0
3,0.0,-10060.0,15278.535051939152,0.0,0,3254,0
5,0.0,-977.1199999999953,31108.522611934786,0.0,0,265403,0
3,142.52083333333334,100398.406382042,50760.07727771838,0.3333333333333333,1,789696,0
0,0.0,4000.0,0.0,0.0,0,3265,0
14,0.0,-14594.146512917001,73043.25961042428,0.6428571428571429,0,3267,0
1,16.22972222222222,5970.496549999996,69636.63446515768,0.0,0,3273,0
2,0.0,26.622508300000163,790.5453813665602,0.0,0,265418,0
2,95.63694444444445,5000.0,2283.7789561952013,0.0,0,527568,0
2,30.096944444444446,90000.0,38012.61129820991,0.42857142857142855,0,527570,0
45,8.969861111111111,3924.9145883150013,4890.613766041121,0.0,0,3286,0
1,26.702222222222222,32000.0,14578.103141512356,0.0,0,3288,0
0,0.0,6000.0,0.0,0.0,0,3301,0
1,0.8594444444444445,97544.1022594852,41983.4600220864,0.8,0,3304,0
0,0.0,0.0,0.0,0.0,0,789736,0
1,0.07861111111111112,10000.0,5861.904206688964,0.0,0,789740,0
0,0.0,0.0,0.0,0.0,0,789743,0
2,155.45055555555555,26480.0461,8995.810741813013,0.0,0,3315,0
2,0.3963888888888889,135087.942587433,48769.50575257708,0.09090909090909091,0,789760,0
7,94.51657407407407,11000.0,4302.652442741311,0.13333333333333333,0,3338,0
1,0.0,1869.923999999999,51626.573201211024,0.0,0,3348,0
2,0.0,-67420.93323055,21834.71026316857,0.0,0,527636,0
3,128.67472222222221,10397.386864502001,4064.6488522378877,0.0,0,789783,0
2,171.18666666666667,100000.0,41229.76869926431,0.6,1,265499,0
2,0.0,-130.0,13290.07195240116,0.0,0,789804,0
2,100.23583333333333,20045.001845901003,9548.146714547205,0.25,1,3395,0
1,0.0,3000.0,2112.8002104930492,0.0,0,789827,0
0,0.0,7985.0,971.0830294058279,0.0,0,3404,0
1,0.0,-2099.0,0.0,0.0,0,527694,0
0,0.0,21361.5201,6971.365911261179,0.0,0,789843,0
4,122.60592592592593,30299.828937352002,13509.758578277648,0.375,3,789845,0
1,0.0,16.5,0.0,0.0,0,3415,0
3,0.0,1482.7011816,645.4972243679028,0.0,0,789848,0
0,0.0,0.0,0.0,0.0,0,527704,0
10,50.435833333333335,5939.318899999998,56218.127714555565,0.0,0,3442,0
2,0.0,570.0,25.305965769375426,0.0,0,265589,0
0,0.0,2900.0,0.0,0.0,0,3450,0
0,0.0,0.0,0.0,0.0,0,527738,0
1,0.06027777777777778,2306.0,1359.105378399151,0.0,0,527742,0
18,58.313472222222224,3603.67049882,1043.552724552651,0.0,0,3456,0
1,0.010277777777777778,5000.0,2951.666782941358,0.0,0,789896,0
1,0.15555555555555556,200000.0,100904.807067599,0.25,0,527757,0
1,0.024166666666666666,30000.0,13512.685225788913,0.0,0,3480,0
0,0.0,0.0,0.0,0.0,0,789912,0
5,170.85166666666666,4000.0,5864.865380553877,0.0,0,789914,0
2,0.0,430.6826831999988,10388.10572241157,0.0,0,527773,0
0,0.0,20000.0,181.21149705983498,0.0,0,527790,0
1,0.0,-320030.0,0.0,0.0,0,3502,0
0,0.0,67000.0,23586.71942711265,0.0,0,789940,0
3,0.0,-150030.0,208395.69549297317,0.0,0,3511,0
0,0.0,0.0,0.0,0.0,0,265655,0
16,126.39444444444445,3020.470548305999,4622.210049185958,0.0,0,3514,0
0,0.0,0.0,0.0,0.0,0,527802,0
1,3.8466666666666667,5000.0,2922.1117605858603,0.0,0,265661,0
5,80.18716666666667,100000.0,48528.201915896025,0.4,0,789953,0
0,0.0,0.0,0.0,0.0,0,265668,0
2,0.0,793.0739840000024,22696.006355744616,0.0,0,527815,0
1,0.0,100000.0,70705.6383246304,0.5,0,527823,0
13,33.980555555555554,45705.918600000005,29094.532849953615,0.09090909090909091,0,527829,0
3,0.12861111111111112,12500.0,6843.005127363962,0.2,0,3548,0
3,87.54625,28000.0,11139.585656327145,0.3333333333333333,1,789981,0
1,0.0125,3600.0,2048.3009256219934,0.0,0,527836,0
2,75.39416666666666,198479.61640905,95726.20039268554,0.16666666666666666,0,789983,0
0,0.0,85000.0,40414.5188432738,0.0,0,3551,0
2,0.0,-1000000.0,707106.0740797663,0.5,0,3553,0
3,0.0,133.64999999999964,29479.15025912382,0.0,0,3557,0
0,0.0,3000.0,0.0,0.0,0,789996,0
5,0.0,-3030.0,8820.160279016429,0.0,0,3565,0
0,0.0,8000.0,2382.6857719808545,0.0,0,3567,0
3,0.0,37.730775800000174,19.308514274426688,0.0,0,3574,0
0,0.0,80000.0,21213.203435596424,0.0,0,527867,0
2,129.18944444444443,39542.06936656,18814.219726199735,0.3333333333333333,0,3591,0
17,96.21194444444444,9990.0,33681.39901650787,0.09090909090909091,0,3595,0
1,0.0,-92625.0,0.0,0.0,0,3600,0
3,128.03490740740742,6339.433520337,2724.5882364876047,0.0,0,790033,0
1,0.0,-12366.0,0.0,0.0,0,790040,0
1,0.0,-13165.0,0.0,0.0,0,790046,0
0,0.0,69701.0,0.0,0.0,0,3615,0
1,4.62,100000.0,48184.36988762458,0.5,0,3617,0
2,6.210972222222222,99019.324112,41511.49674779634,0.375,0,3628,0
7,72.12603174603176,9200.490367830998,3434.6238355522605,0.0,0,3631,0
26,0.0,-831.1747860000032,10799.09731451042,0.15384615384615385,0,3640,0
4,34.96138888888889,30000.0,13712.955751410436,0.16666666666666666,1,790073,0
1,0.0,5000.0,3520.8769200216298,0.0,0,790072,0
1,0.0077777777777777776,10000.0,5838.380397624558,0.0,0,527930,0
5,77.03583333333333,2469.6062354,1814.3079079719398,0.0,0,527936,0
1,0.005,14000.0,8147.4868520872315,0.0,0,3660,0
1,0.0,-969.0,0.0,0.0,0,265807,0
2,188.37152777777777,2990.0,1358.9831865317253,0.0,0,790106,0
1,0.008611111111111111,15000.0,8872.53077712827,0.3333333333333333,0,265824,0
1,0.0,31000.0,21839.30846644495,0.5,0,527972,0
1,0.17166666666666666,40000.0,20240.105467069305,0.25,0,790118,0
1,0.0077777777777777776,1500.0,876.4526771664995,0.0,0,790120,0
2,0.0,775.612000000001,21696.157367146836,0.0,0,527981,0
24,0.0,-8189.535766475485,2852321.4671852505,0.875,0,3695,0
2,0.0,-23673.0,16846.819061769496,0.0,0,3701,0
10,0.0,-3132.2841999999996,9245.217839515493,0.1,0,790142,0
4,0.0,118.42699999999968,4310.901907072995,0.0,0,3722,0
1,0.0,3000.0,2113.4869265406383,0.0,0,790156,0
0,0.0,20000.0,0.0,0.0,0,790158,0
1,0.0,6500.0,4583.926628034812,0.0,0,3726,0
0,0.0,50000.0,0.0,0.0,0,528016,0
0,0.0,50000.0,0.0,0.0,0,3730,0
0,0.0,100000.0,35355.33905932738,0.0,0,3736,0
7,0.0,-20762.406,60630.18685350148,0.0,0,3754,0
1,0.0,1603.6285365000076,73581.53165027214,0.0,0,3756,0
3,13.065370370370369,23635.895834218718,9678.911611649115,0.2222222222222222,0,265910,0
1,0.004166666666666667,3200.0,1871.9197449575088,0.0,0,3769,0
2,0.0,1000.0,582.3094954257823,0.0,0,790208,0
3,0.0,2540.0445991000015,39664.53620517965,0.0,0,3784,0
3,0.0925,30000.0,17504.46248676245,0.2,0,3786,0
5,126.693125,204294.4233619774,78619.54991954754,0.11538461538461539,0,265932,1
1,0.0,3309.368000000002,86939.48585366721,0.0,0,3797,0
16,61.01034722222222,100000.0,114992.41138605504,0.4583333333333333,1,3798,0
1,0.0,44488.3775611976,70710.67811865476,0.0,0,3804,0
6,83.24722222222222,20000.0,8708.185231576446,0.11764705882352941,0,3808,0
5,16.60333333333333,1053.8817888000049,35539.055034771656,0.0,0,528103,0
1,309.05944444444447,4982.469378199952,120412.32690777711,0.0,0,3816,0
0,0.0,2000.0,707.1067811865476,0.0,0,265959,0
11,0.0,-121754.56496480001,18843.641438568247,0.2727272727272727,0,3818,0
1,0.0,4847.334000000003,128252.19954449125,0.0,0,528107,0
21,114.13,8200.0,33022.077310876186,0.08,0,790255,0
5,0.0,-3008.6556671811995,2716.4102457340496,0.0,0,3842,0
3,0.0,500.0,291.135197539691,0.0,0,3857,0
1,139.6075,6928.510195999998,8740.544609893297,0.0,0,3859,0
2,0.11888888888888889,1310.0,634.3571809089497,0.0,0,3862,1
0,0.0,1332.0,156.62348695731004,0.0,0,266009,0
1,0.0,1000.0,703.7859986138507,0.0,0,790297,0
1,3.3841666666666668,5000.0,2971.3672382921955,0.0,0,528154,0
0,0.0,19925.8,5752.20264014867,0.0,0,790308,0
3,0.0,3313.859427999996,120016.07799016067,0.0,0,790311,0
1,0.0,-24707.8881,0.0,0.0,0,790312,0
2,0.0,1000.0,582.1368056353482,0.0,0,266029,0
2,71.04499999999999,1249.0,760.5769438116904,0.0,0,528178,0
1,0.10805555555555556,10000.0,5851.535805958015,0.0,0,3890,0
2,240.19666666666666,2000.0,26222.154432204596,0.0,0,3894,0
1,0.0,6600.0,4643.622652635462,0.0,0,3895,0
1,0.0,-30754.0,0.0,0.0,0,528189,0
9,151.81222222222223,2214.5295877999993,1762.3563827315127,0.0,0,528191,0
18,0.0,2500.0,222967.4961239544,0.7368421052631579,0,3905,0
1,0.006111111111111111,5000.0,2905.461974918489,0.0,0,3907,0
4,50.12305555555555,6100.0,3748.982301674257,0.0,0,266052,0
1,0.0,-4217.0,0.0,0.0,0,528200,0
26,25.452407407407406,19709.224764153038,16319.723029165752,0.2631578947368421,0,528203,0
1,0.0,-6168.4206,0.0,0.0,0,790348,0
0,0.0,0.0,0.0,0.0,0,3921,0
6,0.0,19.423213999999916,24850.360935837925,0.3333333333333333,0,528210,0
1,0.0,-9853.842441,0.0,0.0,0,266068,0
1,0.0,1.0,0.0,0.0,0,266071,0
5,3.9741666666666666,2018.360897,1503.076459998954,0.0,0,3931,0
1,0.0,6000.0,4224.207765064531,0.0,0,790364,0
1,0.0,377.0,0.0,0.0,0,3932,0
2,158.24208333333334,6300.0,2933.3479307547973,0.0,0,3934,0
2,0.0,-15655.0,91107.88032876191,0.0,0,3938,0
1,0.0,5000.0,3521.1072795611417,0.0,0,528228,0
0,0.0,148370.337,40945.55418563034,0.0,0,3941,0
2,0.0,269.74225599999954,7488.2608127655385,0.0,0,3942,0
1,0.0,-10030.0,0.0,0.0,0,3946,0
3,40.85851851851852,24094.0,9919.599620009627,0.1111111111111111,0,790386,0
0,0.0,240000.0,73006.84899377592,0.0,0,266101,0
3,78.32472222222222,31652.8,29156.073043365628,0.2,0,528245,0
3,0.0,-13460.918989999998,2477.6136851074257,0.0,0,790398,0
1,0.0,2789.023000000001,39119.975562364554,0.0,0,790402,0
3,45.24861111111112,27541.781479944,14159.84404902554,0.42857142857142855,0,528263,0
3,239.78055555555557,9801.5125549455,10049.003091391758,0.25,0,3975,0
1,0.0,-16736.0,0.0,0.0,0,528266,0
9,0.0,132.08646879999924,5227.2585891139815,0.0,0,3979,0
0,0.0,0.0,0.0,0.0,0,790419,0
2,11.255277777777778,4530.0,143326.96059476506,0.0,0,790421,0
0,0.0,0.0,0.0,0.0,0,266142,0
3,0.0,76.96429999999964,10797.722861788961,0.0,0,4001,0
17,39.691805555555554,5653.229893690801,2453.057990861168,0.0,0,4002,0
2,3.5930555555555554,99855.77148556,49063.49447164317,0.16666666666666666,0,4017,0
3,0.0,10000.0,12276.909628641668,0.0,0,528306,0
19,5.283055555555555,10366.469599999999,14268.629097562622,0.04,0,4025,0
2,84.41944444444445,5899.518748842,2933.4495824501437,0.0,0,790462,0
4,25.200208333333332,97116.25148066,38425.36889894074,0.4375,0,266175,0
0,0.0,50000.0,0.0,0.0,0,266174,0
0,0.0,30000.0,192.10677031276145,0.0,0,266178,0
7,181.155,37157.3,17177.658391034805,0.1111111111111111,0,4045,0
2,68.50125,200000.0,91910.0299294092,0.42857142857142855,0,528334,0
4,0.0,149.80155000000013,4128.0893866601955,0.0,0,4047,0
0,0.0,772645.6334124999,200278.0320725662,0.0,0,790482,0
2,29.776944444444442,100000.0,39530.07676579122,0.25,0,528359,0
6,112.5913425925926,29678.595492800003,12207.301822221687,0.2222222222222222,0,4076,0
1,0.030555555555555555,90000.0,37371.58365873008,0.4,0,790518,0
30,0.0,38.15132000000028,13.150386005871034,0.0,0,4099,0
2,87.10277777777777,5022.03182717,2441.072294169461,0.0,0,790534,0
7,76.69101851851853,118769.433898442,36291.08476450555,0.19047619047619047,0,790539,0
3,23.396944444444443,6115.001,21485.624508606867,0.0,0,4108,0
2,0.0,-30569.69660197,194230.2559534765,0.5,0,528399,0
1,0.21833333333333332,3000.0,1762.8470792812218,0.0,0,790547,0
0,0.0,0.0,0.0,0.0,0,4122,0
4,4.734444444444445,3497.699224232,1447.4972588615099,0.0,0,528420,0
29,0.0,-5314.300000000003,4.685892576806608,0.0,0,4139,0
3,0.0,-1550.65,1317.898625021414,0.0,0,4143,0
3,0.0,58.80000000000018,1749.7595752891732,0.0,0,790582,0
2,0.0,-650.0,872140.9419650426,0.0,0,4150,0
20,0.0,1000.0,5412.550960453303,0.0,0,4154,0
1,0.02638888888888889,5000.0,2954.0775114321295,0.0,0,528443,0
4,0.0,998.422565,483.59306899114256,0.0,0,4157,0
5,18.850833333333334,20068.208043165003,16243.940507438936,0.2857142857142857,1,790598,0
1,0.017777777777777778,8250.0,4775.121429967813,0.0,0,528460,0
2,0.0,-3095.510876713,6602.632643753837,0.0,0,4175,0
0,0.0,40630.356095723,13579.604353939274,0.0,0,266332,0
3,20.732407407407408,30000.0,15119.09869499493,0.4444444444444444,0,4196,0
1,0.0,-13920.0,0.0,0.0,0,4199,0
6,0.0,159.5379850999998,14900.879187212235,0.0,0,528490,0
8,0.5435000000000001,18000.0,21026.06991443699,0.35714285714285715,2,528507,0
4,83.90979166666668,12000.0,5577.1903299347205,0.16666666666666666,0,4221,0
1,0.0,3485.3735192818276,2062.8092339213367,0.0,0,4227,0
3,0.0,408.5172384000034,10824.572352184046,0.0,0,4233,0
8,33.089305555555555,5031.4249525000005,1858.4550361862296,0.0,0,4234,0
2,95.25361111111111,50000.0,22976.135610352747,0.3333333333333333,0,790669,0
0,0.0,0.0,0.0,0.0,0,266381,0
6,76.93393518518518,76811.90597640899,23092.20889302402,0.25,0,528530,0
4,18.96152777777778,50000.0,25254.720518821756,0.4166666666666667,0,266389,0
1,0.49916666666666665,540000.0,273569.6181797394,0.25,0,4257,0
